run	library	sample	include	project	date
CCA01-02	CCA0465	CCA0465	Y	CCA	
CCA01-02	CCA0525	CCA0525	Y	CCA	
CCA01-02	CCA0572	CCA0572	Y	CCA	
CCA01-02	CCA0650	CCA0650	Y	CCA	
CCA01-02	CCA0672	CCA0672	Y	CCA	
CCA01-02	CCA0677	CCA0677	Y	CCA	
CCA01-02	CCA0687	CCA0687	Y	CCA	
CCA01-02	CCA0691	CCA0691	Y	CCA	
CCA01-02	CCA0704	CCA0704-rep1	Y	CCA	
CCA01-02	CCA0704rep	CCA0704-rep2	Y	CCA	
CCA01-02	CCA0704	CCA0704	Y	CCA	
CCA01-02	CCA0704rep	CCA0704	Y	CCA	
CCA01-02	CCA0708	CCA0708	Y	CCA	
CCA01-02	CCA0724	CCA0724	Y	CCA	
CCA01-02	CCA0728	CCA0728	Y	CCA	
CCA01-02	CCA0733	CCA0733	Y	CCA	
CCA01-02	CCA0743	CCA0743	Y	CCA	
CCA01-02	CCA0751	CCA0751	Y	CCA	
CCA01-02	CCA0768	CCA0768	Y	CCA	
CCA01-02	CCA0807	CCA0807	Y	CCA	
CCA01-02	CCA0819	CCA0819	Y	CCA	
CCA01-02	CCA0848	CCA0848	Y	CCA	
CCA01-02	CCA0941	CCA0941	Y	CCA	
CCA01-02	CCA0971	CCA0971	Y	CCA	
CCA01-02	CCA1085	CCA1085	Y	CCA	
CCA01-02	CCA1478	CCA1478	Y	CCA	
CCA01-02	CCA1543	CCA1543	Y	CCA	
CCA01-02	CCA1657	CCA1657	Y	CCA	
CCA01-02	CCA2857	CCA2857	Y	CCA	
CCA01-02	CCA2917	CCA2917	Y	CCA	
CCA01-02	CCA3041	CCA3041	Y	CCA	
CCA01-02	CCA3841	CCA3841	Y	CCA	
CCA01-02	CCA3887	CCA3887	Y	CCA	
CCA01-02	CCA4821	CCA4821	Y	CCA	
2021-08_ac-colin_test_miseq	CCA0478	CCA0478	Y	AC_Phylo	4/08/2021
2021-08_ac-colin_test_miseq	CCA0499	CCA0499	Y	AC_Phylo	4/08/2021
2021-08_ac-colin_test_miseq	CCA0525	CCA0525	Y	AC_Phylo	4/08/2021
2021-08_ac-colin_test_miseq	CCA0572-rep1	CCA0572-rep1	Y	AC_Phylo	4/08/2021
2021-08_ac-colin_test_miseq	CCA0572-rep2	CCA0572-rep2	Y	AC_Phylo	4/08/2021
2021-08_ac-colin_test_miseq	CCA0651	CCA0651	Y	AC_Phylo	4/08/2021
2021-08_ac-colin_test_miseq	CCA0672	CCA0672	Y	AC_Phylo	4/08/2021
2021-08_ac-colin_test_miseq	CCA0677	CCA0677	Y	AC_Phylo	4/08/2021
2021-08_ac-colin_test_miseq	CCA0687	CCA0687	Y	AC_Phylo	4/08/2021
2021-08_ac-colin_test_miseq	CCA0704	CCA0704	Y	AC_Phylo	4/08/2021
2021-08_ac-colin_test_miseq	CCA0709	CCA0709	Y	AC_Phylo	4/08/2021
2021-08_ac-colin_test_miseq	CCA0713	CCA0713	Y	AC_Phylo	4/08/2021
2021-08_ac-colin_test_miseq	CCA0716	CCA0716	Y	AC_Phylo	4/08/2021
2021-08_ac-colin_test_miseq	CCA0728	CCA0728	Y	AC_Phylo	4/08/2021
2021-08_ac-colin_test_miseq	CCA0733	CCA0733	Y	AC_Phylo	4/08/2021
2021-08_ac-colin_test_miseq	CCA0742	CCA0742	Y	AC_Phylo	4/08/2021
2021-08_ac-colin_test_miseq	CCA0743	CCA0743	Y	AC_Phylo	4/08/2021
2021-08_ac-colin_test_miseq	CCA0749	CCA0749	Y	AC_Phylo	4/08/2021
2021-08_ac-colin_test_miseq	CCA0751	CCA0751	Y	AC_Phylo	4/08/2021
2021-08_ac-colin_test_miseq	CCA0762	CCA0762	Y	AC_Phylo	4/08/2021
2021-08_ac-colin_test_miseq	CCA0768	CCA0768	Y	AC_Phylo	4/08/2021
2021-08_ac-colin_test_miseq	CCA0773	CCA0773	Y	AC_Phylo	4/08/2021
2021-08_ac-colin_test_miseq	CCA0783	CCA0783	Y	AC_Phylo	4/08/2021
2021-08_ac-colin_test_miseq	CCA0786	CCA0786	Y	AC_Phylo	4/08/2021
2021-08_ac-colin_test_miseq	CCA0800	CCA0800	Y	AC_Phylo	4/08/2021
2021-08_ac-colin_test_miseq	CCA0804-rep1	CCA0804-rep1	Y	AC_Phylo	4/08/2021
2021-08_ac-colin_test_miseq	CCA0804-rep2	CCA0804-rep2	Y	AC_Phylo	4/08/2021
2021-08_ac-colin_test_miseq	CCA0807-rep1	CCA0807-rep1	Y	AC_Phylo	4/08/2021
2021-08_ac-colin_test_miseq	CCA0807-rep2	CCA0807-rep2	Y	AC_Phylo	4/08/2021
2021-08_ac-colin_test_miseq	CCA0823	CCA0823	Y	AC_Phylo	4/08/2021
2021-08_ac-colin_test_miseq	CCA0835	CCA0835	Y	AC_Phylo	4/08/2021
2021-08_ac-colin_test_miseq	CCA0841	CCA0841	Y	AC_Phylo	4/08/2021
2021-08_ac-colin_test_miseq	CCA0848	CCA0848	Y	AC_Phylo	4/08/2021
2021-08_ac-colin_test_miseq	CCA0858	CCA0858	Y	AC_Phylo	4/08/2021
2021-08_ac-colin_test_miseq	CCA0859	CCA0859	Y	AC_Phylo	4/08/2021
2021-08_ac-colin_test_miseq	CCA0863	CCA0863	Y	AC_Phylo	4/08/2021
2021-08_ac-colin_test_miseq	CCA0895	CCA0895	Y	AC_Phylo	4/08/2021
2021-08_ac-colin_test_miseq	CCA0923	CCA0923	Y	AC_Phylo	4/08/2021
2021-08_ac-colin_test_miseq	CCA0927	CCA0927	Y	AC_Phylo	4/08/2021
2021-08_ac-colin_test_miseq	CCA0941	CCA0941	Y	AC_Phylo	4/08/2021
2021-08_ac-colin_test_miseq	CCA0949	CCA0949	Y	AC_Phylo	4/08/2021
2021-08_ac-colin_test_miseq	CCA0956	CCA0956	Y	AC_Phylo	4/08/2021
2021-08_ac-colin_test_miseq	CCA0971	CCA0971	Y	AC_Phylo	4/08/2021
2021-08_ac-colin_test_miseq	CCA0980	CCA0980	Y	AC_Phylo	4/08/2021
2021-08_ac-colin_test_miseq	CCA1033	CCA1033	Y	AC_Phylo	4/08/2021
2021-08_ac-colin_test_miseq	CCA1130	CCA1130	Y	AC_Phylo	4/08/2021
2021-08_ac-colin_test_miseq	CCA1135	CCA1135	Y	AC_Phylo	4/08/2021
2021-08_ac-colin_test_miseq	CCA1139	CCA1139	Y	AC_Phylo	4/08/2021
2021-08_ac-colin_test_miseq	CCA1184	CCA1184	Y	AC_Phylo	4/08/2021
2021-08_ac-colin_test_miseq	CCA1212	CCA1212	Y	AC_Phylo	4/08/2021
2021-08_ac-colin_test_miseq	CCA1266	CCA1266	Y	AC_Phylo	4/08/2021
2021-08_ac-colin_test_miseq	CCA1302	CCA1302	Y	AC_Phylo	4/08/2021
2021-08_ac-colin_test_miseq	CCA1342	CCA1342	Y	AC_Phylo	4/08/2021
2021-08_ac-colin_test_miseq	CCA1372	CCA1372	Y	AC_Phylo	4/08/2021
2021-08_ac-colin_test_miseq	CCA1419	CCA1419	Y	AC_Phylo	4/08/2021
2021-08_ac-colin_test_miseq	CCA1435	CCA1435	Y	AC_Phylo	4/08/2021
2021-08_ac-colin_test_miseq	CCA1496	CCA1496	Y	AC_Phylo	4/08/2021
2021-08_ac-colin_test_miseq	CCA1515	CCA1515	Y	AC_Phylo	4/08/2021
2021-08_ac-colin_test_miseq	CCA1523	CCA1523	Y	AC_Phylo	4/08/2021
2021-08_ac-colin_test_miseq	CCA1543	CCA1543	Y	AC_Phylo	4/08/2021
2021-08_ac-colin_test_miseq	CCA1557	CCA1557	Y	AC_Phylo	4/08/2021
2021-08_ac-colin_test_miseq	CCA1563	CCA1563	Y	AC_Phylo	4/08/2021
2021-08_ac-colin_test_miseq	CCA1565	CCA1565	Y	AC_Phylo	4/08/2021
2021-08_ac-colin_test_miseq	CCA1574	CCA1574	Y	AC_Phylo	4/08/2021
2021-08_ac-colin_test_miseq	CCA1581	CCA1581	Y	AC_Phylo	4/08/2021
2021-08_ac-colin_test_miseq	CCA1587	CCA1587	Y	AC_Phylo	4/08/2021
2021-08_ac-colin_test_miseq	CCA1590-rep1	CCA1590-rep1	Y	AC_Phylo	4/08/2021
2021-08_ac-colin_test_miseq	CCA1590-rep2	CCA1590-rep2	Y	AC_Phylo	4/08/2021
2021-08_ac-colin_test_miseq	CCA1592	CCA1592	Y	AC_Phylo	4/08/2021
2021-08_ac-colin_test_miseq	CCA1594	CCA1594	Y	AC_Phylo	4/08/2021
2021-08_ac-colin_test_miseq	CCA1598	CCA1598	Y	AC_Phylo	4/08/2021
2021-08_ac-colin_test_miseq	CCA1605	CCA1605	Y	AC_Phylo	4/08/2021
2021-08_ac-colin_test_miseq	CCA1620	CCA1620	Y	AC_Phylo	4/08/2021
2021-08_ac-colin_test_miseq	CCA1635	CCA1635	Y	AC_Phylo	4/08/2021
2021-08_ac-colin_test_miseq	CCA1643	CCA1643	Y	AC_Phylo	4/08/2021
2021-08_ac-colin_test_miseq	CCA1644	CCA1644	Y	AC_Phylo	4/08/2021
2021-08_ac-colin_test_miseq	CCA1657	CCA1657	Y	AC_Phylo	4/08/2021
2021-08_ac-colin_test_miseq	CCA1670	CCA1670	Y	AC_Phylo	4/08/2021
2021-08_ac-colin_test_miseq	CCA1676	CCA1676	Y	AC_Phylo	4/08/2021
2021-08_ac-colin_test_miseq	CCA1684	CCA1684	Y	AC_Phylo	4/08/2021
2021-08_ac-colin_test_miseq	CCA1692	CCA1692	Y	AC_Phylo	4/08/2021
2021-08_ac-colin_test_miseq	CCA2961	CCA2961	Y	AC_Phylo	4/08/2021
2021-08_ac-colin_test_miseq	CCA2978	CCA2978	Y	AC_Phylo	4/08/2021
2021-08_ac-colin_test_miseq	CCA3053	CCA3053	Y	AC_Phylo	4/08/2021
2021-08_ac-colin_test_miseq	CCA3065	CCA3065	Y	AC_Phylo	4/08/2021
2021-08_ac-colin_test_miseq	CCA3074	CCA3074	Y	AC_Phylo	4/08/2021
2021-08_ac-colin_test_miseq	CCA3085	CCA3085	Y	AC_Phylo	4/08/2021
2021-08_ac-colin_test_miseq	CCA3108	CCA3108	Y	AC_Phylo	4/08/2021
2021-08_ac-colin_test_miseq	CCA3118	CCA3118	Y	AC_Phylo	4/08/2021
2021-08_ac-colin_test_miseq	CCA3154	CCA3154	Y	AC_Phylo	4/08/2021
2021-08_ac-colin_test_miseq	CCA3160	CCA3160	Y	AC_Phylo	4/08/2021
2021-08_ac-colin_test_miseq	CCA3176	CCA3176	Y	AC_Phylo	4/08/2021
2021-08_ac-colin_test_miseq	CCA3180	CCA3180	Y	AC_Phylo	4/08/2021
2021-08_ac-colin_test_miseq	CCA3184	CCA3184	Y	AC_Phylo	4/08/2021
2021-08_ac-colin_test_miseq	CCA3190	CCA3190	Y	AC_Phylo	4/08/2021
2021-08_ac-colin_test_miseq	CCA3199-rep1	CCA3199-rep1	Y	AC_Phylo	4/08/2021
2021-08_ac-colin_test_miseq	CCA3199-rep2	CCA3199-rep2	Y	AC_Phylo	4/08/2021
2021-08_ac-colin_test_miseq	CCA3209	CCA3209	Y	AC_Phylo	4/08/2021
2021-08_ac-colin_test_miseq	CCA3228	CCA3228	Y	AC_Phylo	4/08/2021
2021-08_ac-colin_test_miseq	CCA3238	CCA3238	Y	AC_Phylo	4/08/2021
2021-08_ac-colin_test_miseq	CCA3239	CCA3239	Y	AC_Phylo	4/08/2021
2021-08_ac-colin_test_miseq	CCA3254	CCA3254	Y	AC_Phylo	4/08/2021
2021-08_ac-colin_test_miseq	CCA3315	CCA3315	Y	AC_Phylo	4/08/2021
2021-08_ac-colin_test_miseq	CCA3325	CCA3325	Y	AC_Phylo	4/08/2021
2021-08_ac-colin_test_miseq	CCA3329	CCA3329	Y	AC_Phylo	4/08/2021
2021-08_ac-colin_test_miseq	CCA3337	CCA3337	Y	AC_Phylo	4/08/2021
2021-08_ac-colin_test_miseq	CCA3345	CCA3345	Y	AC_Phylo	4/08/2021
2021-08_ac-colin_test_miseq	CCA3409	CCA3409	Y	AC_Phylo	4/08/2021
2021-08_ac-colin_test_miseq	CCA3492	CCA3492	Y	AC_Phylo	4/08/2021
2021-08_ac-colin_test_miseq	CCA3550-rep1	CCA3550-rep1	Y	AC_Phylo	4/08/2021
2021-08_ac-colin_test_miseq	CCA3550-rep2	CCA3550-rep2	Y	AC_Phylo	4/08/2021
2021-08_ac-colin_test_miseq	CCA3711	CCA3711	Y	AC_Phylo	4/08/2021
2021-08_ac-colin_test_miseq	CCA3719	CCA3719	Y	AC_Phylo	4/08/2021
2021-08_ac-colin_test_miseq	CCA3730-rep1	CCA3730-rep1	Y	AC_Phylo	4/08/2021
2021-08_ac-colin_test_miseq	CCA3730-rep2	CCA3730-rep2	Y	AC_Phylo	4/08/2021
2021-08_ac-colin_test_miseq	CCA3778	CCA3778	Y	AC_Phylo	4/08/2021
2021-08_ac-colin_test_miseq	CCA3788	CCA3788	Y	AC_Phylo	4/08/2021
2021-08_ac-colin_test_miseq	CCA3821	CCA3821	Y	AC_Phylo	4/08/2021
2021-08_ac-colin_test_miseq	CCA3826	CCA3826	Y	AC_Phylo	4/08/2021
2021-08_ac-colin_test_miseq	CCA3841	CCA3841	Y	AC_Phylo	4/08/2021
2021-08_ac-colin_test_miseq	CCA3845	CCA3845	Y	AC_Phylo	4/08/2021
2021-08_ac-colin_test_miseq	CCA3849	CCA3849	Y	AC_Phylo	4/08/2021
2021-08_ac-colin_test_miseq	CCA3862	CCA3862	Y	AC_Phylo	4/08/2021
2021-08_ac-colin_test_miseq	CCA3872	CCA3872	Y	AC_Phylo	4/08/2021
2021-08_ac-colin_test_miseq	CCA3877	CCA3877	Y	AC_Phylo	4/08/2021
2021-08_ac-colin_test_miseq	CCA3887	CCA3887	Y	AC_Phylo	4/08/2021
2021-08_ac-colin_test_miseq	CCA3910	CCA3910	Y	AC_Phylo	4/08/2021
2021-08_ac-colin_test_miseq	CCA3926	CCA3926	Y	AC_Phylo	4/08/2021
2021-08_ac-colin_test_miseq	CCA3929	CCA3929	Y	AC_Phylo	4/08/2021
2021-08_ac-colin_test_miseq	CCA3942	CCA3942	Y	AC_Phylo	4/08/2021
2021-08_ac-colin_test_miseq	CCA4007	CCA4007	Y	AC_Phylo	4/08/2021
2021-08_ac-colin_test_miseq	CCA4009	CCA4009	Y	AC_Phylo	4/08/2021
2021-08_ac-colin_test_miseq	CCA4019	CCA4019	Y	AC_Phylo	4/08/2021
2021-08_ac-colin_test_miseq	CCA4142	CCA4142	Y	AC_Phylo	4/08/2021
2021-08_ac-colin_test_miseq	CCA4229	CCA4229	Y	AC_Phylo	4/08/2021
2021-08_ac-colin_test_miseq	CCA4659	CCA4659	Y	AC_Phylo	4/08/2021
2021-08_ac-colin_test_miseq	CCA4679	CCA4679	Y	AC_Phylo	4/08/2021
2021-08_ac-colin_test_miseq	CCA4854	CCA4854	Y	AC_Phylo	4/08/2021
2021-08_ac-colin_test_miseq	CCA4871	CCA4871	Y	AC_Phylo	4/08/2021
2021-08_ac-colin_test_miseq	CCA4902	CCA4902	Y	AC_Phylo	4/08/2021
2021-08_ac-colin_test_miseq	CCA5430	CCA5430	Y	AC_Phylo	4/08/2021
2021-08_ac-colin_test_miseq	CCA5487	CCA5487	Y	AC_Phylo	4/08/2021
2021-08_ac-colin_test_miseq	DDA100a	DDA100a	Y	AC_Phylo	4/08/2021
2021-08_ac-colin_test_miseq	DDA100c	DDA100c	Y	AC_Phylo	4/08/2021
2021-08_ac-colin_test_miseq	DDA100d	DDA100d	Y	AC_Phylo	4/08/2021
2021-08_ac-colin_test_miseq	DDA100f	DDA100f	Y	AC_Phylo	4/08/2021
2021-08_ac-colin_test_miseq	DDA100g	DDA100g	Y	AC_Phylo	4/08/2021
2021-08_ac-colin_test_miseq	DDA100	DDA100	Y	AC_Phylo	4/08/2021
2021-08_ac-colin_test_miseq	DDA114a	DDA114a	Y	AC_Phylo	4/08/2021
2021-08_ac-colin_test_miseq	DDA114b	DDA114b	Y	AC_Phylo	4/08/2021
2021-08_ac-colin_test_miseq	DDA114c	DDA114c	Y	AC_Phylo	4/08/2021
2021-08_ac-colin_test_miseq	DDA114d	DDA114d	Y	AC_Phylo	4/08/2021
2021-08_ac-colin_test_miseq	DDA114e	DDA114e	Y	AC_Phylo	4/08/2021
2021-08_ac-colin_test_miseq	DDA114	DDA114	Y	AC_Phylo	4/08/2021
2021-08_ac-colin_test_miseq	DDA117a	DDA117a	Y	AC_Phylo	4/08/2021
2021-08_ac-colin_test_miseq	DDA117d	DDA117d	Y	AC_Phylo	4/08/2021
2021-08_ac-colin_test_miseq	DDA117f	DDA117f	Y	AC_Phylo	4/08/2021
2021-08_ac-colin_test_miseq	DDA117g	DDA117g	Y	AC_Phylo	4/08/2021
2021-08_ac-colin_test_miseq	DDA117j	DDA117j	Y	AC_Phylo	4/08/2021
2021-08_ac-colin_test_miseq	DDA117	DDA117	Y	AC_Phylo	4/08/2021
2021-08_ac-colin_test_miseq	DDA120b	DDA120b	Y	AC_Phylo	4/08/2021
2021-08_ac-colin_test_miseq	DDA120d	DDA120d	Y	AC_Phylo	4/08/2021
2021-08_ac-colin_test_miseq	DDA120f	DDA120f	Y	AC_Phylo	4/08/2021
2021-08_ac-colin_test_miseq	DDA120g	DDA120g	Y	AC_Phylo	4/08/2021
2021-08_ac-colin_test_miseq	DDA120h	DDA120h	Y	AC_Phylo	4/08/2021
2021-08_ac-colin_test_miseq	DDA120	DDA120	Y	AC_Phylo	4/08/2021
2021-08_ac-colin_test_miseq	DDA121	DDA121	Y	AC_Phylo	4/08/2021
2021-08_ac-colin_test_miseq	DDA122a	DDA122a	Y	AC_Phylo	4/08/2021
2021-08_ac-colin_test_miseq	DDA122b	DDA122b	Y	AC_Phylo	4/08/2021
2021-08_ac-colin_test_miseq	DDA122c	DDA122c	Y	AC_Phylo	4/08/2021
2021-08_ac-colin_test_miseq	DDA122d	DDA122d	Y	AC_Phylo	4/08/2021
2021-08_ac-colin_test_miseq	DDA122e	DDA122e	Y	AC_Phylo	4/08/2021
2021-08_ac-colin_test_miseq	DDA122	DDA122	Y	AC_Phylo	4/08/2021
2021-08_ac-colin_test_miseq	DDA123b	DDA123b	Y	AC_Phylo	4/08/2021
2021-08_ac-colin_test_miseq	DDA123d	DDA123d	Y	AC_Phylo	4/08/2021
2021-08_ac-colin_test_miseq	DDA123e	DDA123e	Y	AC_Phylo	4/08/2021
2021-08_ac-colin_test_miseq	DDA123g	DDA123g	Y	AC_Phylo	4/08/2021
2021-08_ac-colin_test_miseq	DDA123j	DDA123j	Y	AC_Phylo	4/08/2021
2021-08_ac-colin_test_miseq	DDA123	DDA123	Y	AC_Phylo	4/08/2021
2021-08_ac-colin_test_miseq	DDA124b	DDA124b	Y	AC_Phylo	4/08/2021
2021-08_ac-colin_test_miseq	DDA124c	DDA124c	Y	AC_Phylo	4/08/2021
2021-08_ac-colin_test_miseq	DDA124d	DDA124d	Y	AC_Phylo	4/08/2021
2021-08_ac-colin_test_miseq	DDA124e	DDA124e	Y	AC_Phylo	4/08/2021
2021-08_ac-colin_test_miseq	DDA124h	DDA124h	Y	AC_Phylo	4/08/2021
2021-08_ac-colin_test_miseq	DDA124	DDA124	Y	AC_Phylo	4/08/2021
2021-08_ac-colin_test_miseq	DDA125b	DDA125b	Y	AC_Phylo	4/08/2021
2021-08_ac-colin_test_miseq	DDA125d	DDA125d	Y	AC_Phylo	4/08/2021
2021-08_ac-colin_test_miseq	DDA125dx	DDA125dx	Y	AC_Phylo	4/08/2021
2021-08_ac-colin_test_miseq	DDA125e	DDA125e	Y	AC_Phylo	4/08/2021
2021-08_ac-colin_test_miseq	DDA125f	DDA125f	Y	AC_Phylo	4/08/2021
2021-08_ac-colin_test_miseq	DDA125h	DDA125h	Y	AC_Phylo	4/08/2021
2021-08_ac-colin_test_miseq	DDA125	DDA125	Y	AC_Phylo	4/08/2021
2021-08_ac-colin_test_miseq	DDA126a	DDA126a	Y	AC_Phylo	4/08/2021
2021-08_ac-colin_test_miseq	DDA126b	DDA126b	Y	AC_Phylo	4/08/2021
2021-08_ac-colin_test_miseq	DDA126c	DDA126c	Y	AC_Phylo	4/08/2021
2021-08_ac-colin_test_miseq	DDA126e	DDA126e	Y	AC_Phylo	4/08/2021
2021-08_ac-colin_test_miseq	DDA126f	DDA126f	Y	AC_Phylo	4/08/2021
2021-08_ac-colin_test_miseq	DDA126	DDA126	Y	AC_Phylo	4/08/2021
2021-08_ac-colin_test_miseq	DDA127	DDA127	Y	AC_Phylo	4/08/2021
2021-08_ac-colin_test_miseq	DDA128a	DDA128a	Y	AC_Phylo	4/08/2021
2021-08_ac-colin_test_miseq	DDA128b	DDA128b	Y	AC_Phylo	4/08/2021
2021-08_ac-colin_test_miseq	DDA128	DDA128	Y	AC_Phylo	4/08/2021
2021-08_ac-colin_test_miseq	DDA129a	DDA129a	Y	AC_Phylo	4/08/2021
2021-08_ac-colin_test_miseq	DDA129c	DDA129c	Y	AC_Phylo	4/08/2021
2021-08_ac-colin_test_miseq	DDA129d	DDA129d	Y	AC_Phylo	4/08/2021
2021-08_ac-colin_test_miseq	DDA129f	DDA129f	Y	AC_Phylo	4/08/2021
2021-08_ac-colin_test_miseq	DDA129g	DDA129g	Y	AC_Phylo	4/08/2021
2021-08_ac-colin_test_miseq	DDA129	DDA129	Y	AC_Phylo	4/08/2021
2021-08_ac-colin_test_miseq	DDA130a	DDA130a	Y	AC_Phylo	4/08/2021
2021-08_ac-colin_test_miseq	DDA130c	DDA130c	Y	AC_Phylo	4/08/2021
2021-08_ac-colin_test_miseq	DDA130d	DDA130d	Y	AC_Phylo	4/08/2021
2021-08_ac-colin_test_miseq	DDA130f	DDA130f	Y	AC_Phylo	4/08/2021
2021-08_ac-colin_test_miseq	DDA130h	DDA130h	Y	AC_Phylo	4/08/2021
2021-08_ac-colin_test_miseq	DDA130	DDA130	Y	AC_Phylo	4/08/2021
2021-08_ac-colin_test_miseq	DDA131a	DDA131a	Y	AC_Phylo	4/08/2021
2021-08_ac-colin_test_miseq	DDA131d	DDA131d	Y	AC_Phylo	4/08/2021
2021-08_ac-colin_test_miseq	DDA131f	DDA131f	Y	AC_Phylo	4/08/2021
2021-08_ac-colin_test_miseq	DDA131g	DDA131g	Y	AC_Phylo	4/08/2021
2021-08_ac-colin_test_miseq	DDA131k	DDA131k	Y	AC_Phylo	4/08/2021
2021-08_ac-colin_test_miseq	DDA131	DDA131	Y	AC_Phylo	4/08/2021
2021-08_ac-colin_test_miseq	DDA132b	DDA132b	Y	AC_Phylo	4/08/2021
2021-08_ac-colin_test_miseq	DDA132c	DDA132c	Y	AC_Phylo	4/08/2021
2021-08_ac-colin_test_miseq	DDA132d	DDA132d	Y	AC_Phylo	4/08/2021
2021-08_ac-colin_test_miseq	DDA132e	DDA132e	Y	AC_Phylo	4/08/2021
2021-08_ac-colin_test_miseq	DDA132f	DDA132f	Y	AC_Phylo	4/08/2021
2021-08_ac-colin_test_miseq	DDA132	DDA132	Y	AC_Phylo	4/08/2021
2021-08_ac-colin_test_miseq	DDA133	DDA133	Y	AC_Phylo	4/08/2021
2021-08_ac-colin_test_miseq	DDA135a	DDA135a	Y	AC_Phylo	4/08/2021
2021-08_ac-colin_test_miseq	DDA135	DDA135	Y	AC_Phylo	4/08/2021
2021-08_ac-colin_test_miseq	DDA136a	DDA136a	Y	AC_Phylo	4/08/2021
2021-08_ac-colin_test_miseq	DDA136b	DDA136b	Y	AC_Phylo	4/08/2021
2021-08_ac-colin_test_miseq	DDA136c	DDA136c	Y	AC_Phylo	4/08/2021
2021-08_ac-colin_test_miseq	DDA136	DDA136	Y	AC_Phylo	4/08/2021
2021-08_ac-colin_test_miseq	DDA137a	DDA137a	Y	AC_Phylo	4/08/2021
2021-08_ac-colin_test_miseq	DDA137b	DDA137b	Y	AC_Phylo	4/08/2021
2021-08_ac-colin_test_miseq	DDA137c	DDA137c	Y	AC_Phylo	4/08/2021
2021-08_ac-colin_test_miseq	DDA137e	DDA137e	Y	AC_Phylo	4/08/2021
2021-08_ac-colin_test_miseq	DDA137f	DDA137f	Y	AC_Phylo	4/08/2021
2021-08_ac-colin_test_miseq	DDA137	DDA137	Y	AC_Phylo	4/08/2021
2021-08_ac-colin_test_miseq	DDA138a	DDA138a	Y	AC_Phylo	4/08/2021
2021-08_ac-colin_test_miseq	DDA138b	DDA138b	Y	AC_Phylo	4/08/2021
2021-08_ac-colin_test_miseq	DDA138c	DDA138c	Y	AC_Phylo	4/08/2021
2021-08_ac-colin_test_miseq	DDA138e	DDA138e	Y	AC_Phylo	4/08/2021
2021-08_ac-colin_test_miseq	DDA138f	DDA138f	Y	AC_Phylo	4/08/2021
2021-08_ac-colin_test_miseq	DDA138	DDA138	Y	AC_Phylo	4/08/2021
2021-08_ac-colin_test_miseq	DDA139a	DDA139a	Y	AC_Phylo	4/08/2021
2021-08_ac-colin_test_miseq	DDA139	DDA139	Y	AC_Phylo	4/08/2021
2021-08_ac-colin_test_miseq	DDA140	DDA140	Y	AC_Phylo	4/08/2021
2021-08_ac-colin_test_miseq	DDA141a	DDA141a	Y	AC_Phylo	4/08/2021
2021-08_ac-colin_test_miseq	DDA141b	DDA141b	Y	AC_Phylo	4/08/2021
2021-08_ac-colin_test_miseq	DDA141c	DDA141c	Y	AC_Phylo	4/08/2021
2021-08_ac-colin_test_miseq	DDA141	DDA141	Y	AC_Phylo	4/08/2021
2021-08_ac-colin_test_miseq	DDA142a	DDA142a	Y	AC_Phylo	4/08/2021
2021-08_ac-colin_test_miseq	DDA142b	DDA142b	Y	AC_Phylo	4/08/2021
2021-08_ac-colin_test_miseq	DDA142	DDA142	Y	AC_Phylo	4/08/2021
2021-08_ac-colin_test_miseq	DDA143a	DDA143a	Y	AC_Phylo	4/08/2021
2021-08_ac-colin_test_miseq	DDA143b	DDA143b	Y	AC_Phylo	4/08/2021
2021-08_ac-colin_test_miseq	DDA143c	DDA143c	Y	AC_Phylo	4/08/2021
2021-08_ac-colin_test_miseq	DDA143d	DDA143d	Y	AC_Phylo	4/08/2021
2021-08_ac-colin_test_miseq	DDA143	DDA143	Y	AC_Phylo	4/08/2021
2021-08_ac-colin_test_miseq	DDA144a	DDA144a	Y	AC_Phylo	4/08/2021
2021-08_ac-colin_test_miseq	DDA144b	DDA144b	Y	AC_Phylo	4/08/2021
2021-08_ac-colin_test_miseq	DDA144c	DDA144c	Y	AC_Phylo	4/08/2021
2021-08_ac-colin_test_miseq	DDA144d	DDA144d	Y	AC_Phylo	4/08/2021
2021-08_ac-colin_test_miseq	DDA144	DDA144	Y	AC_Phylo	4/08/2021
2021-08_ac-colin_test_miseq	DDA145a	DDA145a	Y	AC_Phylo	4/08/2021
2021-08_ac-colin_test_miseq	DDA145b	DDA145b	Y	AC_Phylo	4/08/2021
2021-08_ac-colin_test_miseq	DDA145d	DDA145d	Y	AC_Phylo	4/08/2021
2021-08_ac-colin_test_miseq	DDA145	DDA145	Y	AC_Phylo	4/08/2021
2021-08_ac-colin_test_miseq	DDA146a	DDA146a	Y	AC_Phylo	4/08/2021
2021-08_ac-colin_test_miseq	DDA146b	DDA146b	Y	AC_Phylo	4/08/2021
2021-08_ac-colin_test_miseq	DDA146c	DDA146c	Y	AC_Phylo	4/08/2021
2021-08_ac-colin_test_miseq	DDA146d	DDA146d	Y	AC_Phylo	4/08/2021
2021-08_ac-colin_test_miseq	DDA146e	DDA146e	Y	AC_Phylo	4/08/2021
2021-08_ac-colin_test_miseq	DDA146	DDA146	Y	AC_Phylo	4/08/2021
2021-08_ac-colin_test_miseq	DDA147a	DDA147a	Y	AC_Phylo	4/08/2021
2021-08_ac-colin_test_miseq	DDA147b	DDA147b	Y	AC_Phylo	4/08/2021
2021-08_ac-colin_test_miseq	DDA147c	DDA147c	Y	AC_Phylo	4/08/2021
2021-08_ac-colin_test_miseq	DDA147d	DDA147d	Y	AC_Phylo	4/08/2021
2021-08_ac-colin_test_miseq	DDA147	DDA147	Y	AC_Phylo	4/08/2021
2021-08_ac-colin_test_miseq	DDA147x	DDA147x	Y	AC_Phylo	4/08/2021
2021-08_ac-colin_test_miseq	DDA148a	DDA148a	Y	AC_Phylo	4/08/2021
2021-08_ac-colin_test_miseq	DDA148	DDA148	Y	AC_Phylo	4/08/2021
2021-08_ac-colin_test_miseq	DDA149a	DDA149a	Y	AC_Phylo	4/08/2021
2021-08_ac-colin_test_miseq	DDA149b	DDA149b	Y	AC_Phylo	4/08/2021
2021-08_ac-colin_test_miseq	DDA149c	DDA149c	Y	AC_Phylo	4/08/2021
2021-08_ac-colin_test_miseq	DDA149e	DDA149e	Y	AC_Phylo	4/08/2021
2021-08_ac-colin_test_miseq	DDA149f	DDA149f	Y	AC_Phylo	4/08/2021
2021-08_ac-colin_test_miseq	DDA149	DDA149	Y	AC_Phylo	4/08/2021
2021-08_ac-colin_test_miseq	DDA150a	DDA150a	Y	AC_Phylo	4/08/2021
2021-08_ac-colin_test_miseq	DDA150b	DDA150b	Y	AC_Phylo	4/08/2021
2021-08_ac-colin_test_miseq	DDA150c	DDA150c	Y	AC_Phylo	4/08/2021
2021-08_ac-colin_test_miseq	DDA150	DDA150	Y	AC_Phylo	4/08/2021
2021-08_ac-colin_test_miseq	DDA42a	DDA42a	Y	AC_Phylo	4/08/2021
2021-08_ac-colin_test_miseq	DDA42b	DDA42b	Y	AC_Phylo	4/08/2021
2021-08_ac-colin_test_miseq	DDA42c	DDA42c	Y	AC_Phylo	4/08/2021
2021-08_ac-colin_test_miseq	DDA42d	DDA42d	Y	AC_Phylo	4/08/2021
2021-08_ac-colin_test_miseq	DDA42e	DDA42e	Y	AC_Phylo	4/08/2021
2021-08_ac-colin_test_miseq	DDA42	DDA42	Y	AC_Phylo	4/08/2021
2021-08_ac-colin_test_miseq	DDA43	DDA43	Y	AC_Phylo	4/08/2021
2021-08_ac-colin_test_miseq	DDA44	DDA44	Y	AC_Phylo	4/08/2021
2021-08_ac-colin_test_miseq	DDA45	DDA45	Y	AC_Phylo	4/08/2021
2021-08_ac-colin_test_miseq	DDA46	DDA46	Y	AC_Phylo	4/08/2021
2021-08_ac-colin_test_miseq	DDA47	DDA47	Y	AC_Phylo	4/08/2021
2021-08_ac-colin_test_miseq	DDA48	DDA48	Y	AC_Phylo	4/08/2021
2021-08_ac-colin_test_miseq	DDA56	DDA56	Y	AC_Phylo	4/08/2021
2021-08_ac-colin_test_miseq	DDA65	DDA65	Y	AC_Phylo	4/08/2021
2021-08_ac-colin_test_miseq	DDA67	DDA67	Y	AC_Phylo	4/08/2021
2021-08_ac-colin_test_miseq	DDA68	DDA68	Y	AC_Phylo	4/08/2021
2021-08_ac-colin_test_miseq	DDA73	DDA73	Y	AC_Phylo	4/08/2021
2021-08_ac-colin_test_miseq	DDA76	DDA76	Y	AC_Phylo	4/08/2021
2021-08_ac-colin_test_miseq	DDA97	DDA97	Y	AC_Phylo	4/08/2021
2021-08_ac-colin_test_miseq	DDA98	DDA98	Y	AC_Phylo	4/08/2021
2021-08_ac-colin_test_miseq	JJB3607	JJB3607	Y	AC_Phylo	4/08/2021
2021-08_ac-colin_test_miseq	JJB3608	JJB3608	Y	AC_Phylo	4/08/2021
2021-08_ac-colin_test_miseq	JJB3609a	JJB3609a	Y	AC_Phylo	4/08/2021
2021-08_ac-colin_test_miseq	JJB3609	JJB3609	Y	AC_Phylo	4/08/2021
2021-08_ac-colin_test_miseq	JJB3610	JJB3610	Y	AC_Phylo	4/08/2021
2021-08_ac-colin_test_miseq	JJB3611	JJB3611	Y	AC_Phylo	4/08/2021
2021-08_ac-colin_test_miseq	JJB3612a	JJB3612a	Y	AC_Phylo	4/08/2021
2021-08_ac-colin_test_miseq	JJB3612b	JJB3612b	Y	AC_Phylo	4/08/2021
2021-08_ac-colin_test_miseq	JJB3612c	JJB3612c	Y	AC_Phylo	4/08/2021
2021-08_ac-colin_test_miseq	JJB3612d	JJB3612d	Y	AC_Phylo	4/08/2021
2021-08_ac-colin_test_miseq	JJB3612	JJB3612	Y	AC_Phylo	4/08/2021
2021-08_ac-colin_test_miseq	JJB3614a	JJB3614a	Y	AC_Phylo	4/08/2021
2021-08_ac-colin_test_miseq	JJB3614b	JJB3614b	Y	AC_Phylo	4/08/2021
2021-08_ac-colin_test_miseq	JJB3614c	JJB3614c	Y	AC_Phylo	4/08/2021
2021-08_ac-colin_test_miseq	JJB3614d	JJB3614d	Y	AC_Phylo	4/08/2021
2021-08_ac-colin_test_miseq	JJB3614	JJB3614	Y	AC_Phylo	4/08/2021
2021-08_ac-colin_test_miseq	NCT-1	NCT-1	Y	AC_Phylo	4/08/2021
2021-08_ac-colin_test_miseq	NCT	NCT	Y	AC_Phylo	4/08/2021
2021-08_Colin_novaseq_S4	novaseq_CCA3065	novaseq_CCA3065	Y	AC_Phylo	28/01/2022
2021-08_Colin_novaseq_S4	novaseq_CCA1266	novaseq_CCA1266	Y	AC_Phylo	28/01/2022
2021-08_Colin_novaseq_S4	novaseq_CCA4659	novaseq_CCA4659	Y	AC_Phylo	28/01/2022
2021-08_Colin_novaseq_S4	novaseq_CCA1372	novaseq_CCA1372	Y	AC_Phylo	28/01/2022
2021-08_Colin_novaseq_S4	novaseq_CCA1670	novaseq_CCA1670	Y	AC_Phylo	28/01/2022
2021-08_Colin_novaseq_S4	novaseq_CCA0499	novaseq_CCA0499	Y	AC_Phylo	28/01/2022
2021-08_Colin_novaseq_S4	novaseq_CCA4019	novaseq_CCA4019	Y	AC_Phylo	28/01/2022
2021-08_Colin_novaseq_S4	novaseq_CCA1184	novaseq_CCA1184	Y	AC_Phylo	28/01/2022
2021-08_Colin_novaseq_S4	novaseq_CCA4679	novaseq_CCA4679	Y	AC_Phylo	28/01/2022
2021-08_Colin_novaseq_S4	novaseq_CCA5430	novaseq_CCA5430	Y	AC_Phylo	28/01/2022
2021-08_Colin_novaseq_S4	novaseq_CCA0687	novaseq_CCA0687	Y	AC_Phylo	28/01/2022
2021-08_Colin_novaseq_S4	novaseq_CCA3926	novaseq_CCA3926	Y	AC_Phylo	28/01/2022
2021-08_Colin_novaseq_S4	novaseq_CCA0956	novaseq_CCA0956	Y	AC_Phylo	28/01/2022
2021-08_Colin_novaseq_S4	novaseq_CCA3550-rep1	novaseq_CCA3550-rep1	Y	AC_Phylo	28/01/2022
2021-08_Colin_novaseq_S4	novaseq_CCA3550-rep2	novaseq_CCA3550-rep2	Y	AC_Phylo	28/01/2022
2021-08_Colin_novaseq_S4	novaseq_CCA3821	novaseq_CCA3821	Y	AC_Phylo	28/01/2022
2021-08_Colin_novaseq_S4	novaseq_CCA3085	novaseq_CCA3085	Y	AC_Phylo	28/01/2022
2021-08_Colin_novaseq_S4	novaseq_CCA4854	novaseq_CCA4854	Y	AC_Phylo	28/01/2022
2021-08_Colin_novaseq_S4	novaseq_CCA0762	novaseq_CCA0762	Y	AC_Phylo	28/01/2022
2021-08_Colin_novaseq_S4	novaseq_CCA0478	novaseq_CCA0478	Y	AC_Phylo	28/01/2022
2021-08_Colin_novaseq_S4	novaseq_CCA0651	novaseq_CCA0651	Y	AC_Phylo	28/01/2022
2021-08_Colin_novaseq_S4	novaseq_CCA3887	novaseq_CCA3887	Y	AC_Phylo	28/01/2022
2021-08_Colin_novaseq_S4	novaseq_CCA1419	novaseq_CCA1419	Y	AC_Phylo	28/01/2022
2021-08_Colin_novaseq_S4	novaseq_CCA4229	novaseq_CCA4229	Y	AC_Phylo	28/01/2022
2021-08_Colin_novaseq_S4	novaseq_CCA4142	novaseq_CCA4142	Y	AC_Phylo	28/01/2022
2021-08_Colin_novaseq_S4	novaseq_CCA4871	novaseq_CCA4871	Y	AC_Phylo	28/01/2022
2021-08_Colin_novaseq_S4	novaseq_CCA3345	novaseq_CCA3345	Y	AC_Phylo	28/01/2022
2021-08_Colin_novaseq_S4	novaseq_CCA3199-rep1	novaseq_CCA3199-rep1	Y	AC_Phylo	28/01/2022
2021-08_Colin_novaseq_S4	novaseq_CCA3199-rep2	novaseq_CCA3199-rep2	Y	AC_Phylo	28/01/2022
2021-08_Colin_novaseq_S4	novaseq_CCA3176	novaseq_CCA3176	Y	AC_Phylo	28/01/2022
2021-08_Colin_novaseq_S4	novaseq_CCA3778	novaseq_CCA3778	Y	AC_Phylo	28/01/2022
2021-08_Colin_novaseq_S4	novaseq_CCA1515	novaseq_CCA1515	Y	AC_Phylo	28/01/2022
2021-08_Colin_novaseq_S4	novaseq_CCA3877	novaseq_CCA3877	Y	AC_Phylo	28/01/2022
2021-08_Colin_novaseq_S4	novaseq_CCA1644	novaseq_CCA1644	Y	AC_Phylo	28/01/2022
2021-08_Colin_novaseq_S4	novaseq_CCA1598	novaseq_CCA1598	Y	AC_Phylo	28/01/2022
2021-08_Colin_novaseq_S4	novaseq_CCA3788	novaseq_CCA3788	Y	AC_Phylo	28/01/2022
2021-08_Colin_novaseq_S4	novaseq_CCA0773	novaseq_CCA0773	Y	AC_Phylo	28/01/2022
2021-08_Colin_novaseq_S4	novaseq_CCA3184	novaseq_CCA3184	Y	AC_Phylo	28/01/2022
2021-08_Colin_novaseq_S4	novaseq_CCA3190	novaseq_CCA3190	Y	AC_Phylo	28/01/2022
2021-08_Colin_novaseq_S4	novaseq_CCA0835	novaseq_CCA0835	Y	AC_Phylo	28/01/2022
2021-08_Colin_novaseq_S4	novaseq_CCA3325	novaseq_CCA3325	Y	AC_Phylo	28/01/2022
2021-08_Colin_novaseq_S4	novaseq_CCA0859	novaseq_CCA0859	Y	AC_Phylo	28/01/2022
2021-08_Colin_novaseq_S4	novaseq_CCA0841	novaseq_CCA0841	Y	AC_Phylo	28/01/2022
2021-08_Colin_novaseq_S4	novaseq_CCA0971	novaseq_CCA0971	Y	AC_Phylo	28/01/2022
2021-08_Colin_novaseq_S4	novaseq_CCA3228	novaseq_CCA3228	Y	AC_Phylo	28/01/2022
2021-08_Colin_novaseq_S4	novaseq_CCA0743	novaseq_CCA0743	Y	AC_Phylo	28/01/2022
2021-08_Colin_novaseq_S4	novaseq_CCA0863	novaseq_CCA0863	Y	AC_Phylo	28/01/2022
2021-08_Colin_novaseq_S4	novaseq_CCA0804-rep1	novaseq_CCA0804-rep1	Y	AC_Phylo	28/01/2022
2021-08_Colin_novaseq_S4	novaseq_CCA0804-rep2	novaseq_CCA0804-rep2	Y	AC_Phylo	28/01/2022
2021-08_Colin_novaseq_S4	novaseq_CCA1635	novaseq_CCA1635	Y	AC_Phylo	28/01/2022
2021-08_Colin_novaseq_S4	novaseq_CCA0716	novaseq_CCA0716	Y	AC_Phylo	28/01/2022
2021-08_Colin_novaseq_S4	novaseq_CCA1302	novaseq_CCA1302	Y	AC_Phylo	28/01/2022
2021-08_Colin_novaseq_S4	novaseq_CCA1139	novaseq_CCA1139	Y	AC_Phylo	28/01/2022
2021-08_Colin_novaseq_S4	novaseq_CCA1496	novaseq_CCA1496	Y	AC_Phylo	28/01/2022
2021-08_Colin_novaseq_S4	novaseq_CCA3238	novaseq_CCA3238	Y	AC_Phylo	28/01/2022
2021-08_Colin_novaseq_S4	novaseq_CCA0927	novaseq_CCA0927	Y	AC_Phylo	28/01/2022
2021-08_Colin_novaseq_S4	novaseq_CCA1587	novaseq_CCA1587	Y	AC_Phylo	28/01/2022
2021-08_Colin_novaseq_S4	novaseq_CCA0677	novaseq_CCA0677	Y	AC_Phylo	28/01/2022
2021-08_Colin_novaseq_S4	novaseq_CCA0783	novaseq_CCA0783	Y	AC_Phylo	28/01/2022
2021-08_Colin_novaseq_S4	novaseq_CCA3239	novaseq_CCA3239	Y	AC_Phylo	28/01/2022
2021-08_Colin_novaseq_S4	novaseq_CCA3841	novaseq_CCA3841	Y	AC_Phylo	28/01/2022
2021-08_Colin_novaseq_S4	novaseq_CCA0704	novaseq_CCA0704	Y	AC_Phylo	28/01/2022
2021-08_Colin_novaseq_S4	novaseq_CCA0848	novaseq_CCA0848	Y	AC_Phylo	28/01/2022
2021-08_Colin_novaseq_S4	novaseq_CCA0786	novaseq_CCA0786	Y	AC_Phylo	28/01/2022
2021-08_Colin_novaseq_S4	novaseq_CCA0709	novaseq_CCA0709	Y	AC_Phylo	28/01/2022
2021-08_Colin_novaseq_S4	novaseq_CCA3711	novaseq_CCA3711	Y	AC_Phylo	28/01/2022
2021-08_Colin_novaseq_S4	novaseq_CCA1592	novaseq_CCA1592	Y	AC_Phylo	28/01/2022
2021-08_Colin_novaseq_S4	novaseq_CCA1657	novaseq_CCA1657	Y	AC_Phylo	28/01/2022
2021-08_Colin_novaseq_S4	novaseq_CCA3118	novaseq_CCA3118	Y	AC_Phylo	28/01/2022
2021-08_Colin_novaseq_S4	novaseq_CCA1543	novaseq_CCA1543	Y	AC_Phylo	28/01/2022
2021-08_Colin_novaseq_S4	novaseq_CCA0980	novaseq_CCA0980	Y	AC_Phylo	28/01/2022
2021-08_Colin_novaseq_S4	novaseq_CCA4009	novaseq_CCA4009	Y	AC_Phylo	28/01/2022
2021-08_Colin_novaseq_S4	novaseq_CCA3845	novaseq_CCA3845	Y	AC_Phylo	28/01/2022
2021-08_Colin_novaseq_S4	novaseq_CCA1590-rep1	novaseq_CCA1590-rep1	Y	AC_Phylo	28/01/2022
2021-08_Colin_novaseq_S4	novaseq_CCA1590-rep2	novaseq_CCA1590-rep2	Y	AC_Phylo	28/01/2022
2021-08_Colin_novaseq_S4	novaseq_CCA0923	novaseq_CCA0923	Y	AC_Phylo	28/01/2022
2021-08_Colin_novaseq_S4	novaseq_CCA3826	novaseq_CCA3826	Y	AC_Phylo	28/01/2022
2021-08_Colin_novaseq_S4	novaseq_CCA0751	novaseq_CCA0751	Y	AC_Phylo	28/01/2022
2021-08_Colin_novaseq_S4	novaseq_CCA0895	novaseq_CCA0895	Y	AC_Phylo	28/01/2022
2021-08_Colin_novaseq_S4	novaseq_CCA1620	novaseq_CCA1620	Y	AC_Phylo	28/01/2022
2021-08_Colin_novaseq_S4	novaseq_CCA3492	novaseq_CCA3492	Y	AC_Phylo	28/01/2022
2021-08_Colin_novaseq_S4	novaseq_CCA0768	novaseq_CCA0768	Y	AC_Phylo	28/01/2022
2021-08_Colin_novaseq_S4	novaseq_CCA3849	novaseq_CCA3849	Y	AC_Phylo	28/01/2022
2021-08_Colin_novaseq_S4	novaseq_CCA3209	novaseq_CCA3209	Y	AC_Phylo	28/01/2022
2021-08_Colin_novaseq_S4	novaseq_CCA0807-rep1	novaseq_CCA0807-rep1	Y	AC_Phylo	28/01/2022
2021-08_Colin_novaseq_S4	novaseq_CCA0742	novaseq_CCA0742	Y	AC_Phylo	28/01/2022
2021-08_Colin_novaseq_S4	novaseq_CCA3074	novaseq_CCA3074	Y	AC_Phylo	28/01/2022
2021-08_Colin_novaseq_S4	novaseq_CCA1684	novaseq_CCA1684	Y	AC_Phylo	28/01/2022
2021-08_Colin_novaseq_S4	novaseq_CCA1135	novaseq_CCA1135	Y	AC_Phylo	28/01/2022
2021-08_Colin_novaseq_S4	novaseq_CCA1676	novaseq_CCA1676	Y	AC_Phylo	28/01/2022
2021-08_Colin_novaseq_S4	novaseq_CCA2961	novaseq_CCA2961	Y	AC_Phylo	28/01/2022
2021-08_Colin_novaseq_S4	novaseq_CCA1594	novaseq_CCA1594	Y	AC_Phylo	28/01/2022
2021-08_Colin_novaseq_S4	novaseq_CCA1643	novaseq_CCA1643	Y	AC_Phylo	28/01/2022
2021-08_Colin_novaseq_S4	novaseq_CCA1130	novaseq_CCA1130	Y	AC_Phylo	28/01/2022
2021-08_Colin_novaseq_S4	novaseq_CCA1605	novaseq_CCA1605	Y	AC_Phylo	28/01/2022
2021-08_Colin_novaseq_S4	novaseq_CCA0941	novaseq_CCA0941	Y	AC_Phylo	28/01/2022
2021-08_Colin_novaseq_S4	novaseq_CCA4007	novaseq_CCA4007	Y	AC_Phylo	28/01/2022
2021-08_Colin_novaseq_S4	novaseq_CCA1557	novaseq_CCA1557	Y	AC_Phylo	28/01/2022
2021-08_Colin_novaseq_S4	novaseq_CCA3180	novaseq_CCA3180	Y	AC_Phylo	28/01/2022
2021-08_Colin_novaseq_S4	novaseq_CCA1563	novaseq_CCA1563	Y	AC_Phylo	28/01/2022
2021-08_Colin_novaseq_S4	novaseq_CCA1523	novaseq_CCA1523	Y	AC_Phylo	28/01/2022
2021-08_Colin_novaseq_S4	novaseq_CCA1342	novaseq_CCA1342	Y	AC_Phylo	28/01/2022
2021-08_Colin_novaseq_S4	novaseq_CCA0525	novaseq_CCA0525	Y	AC_Phylo	28/01/2022
2021-08_Colin_novaseq_S4	novaseq_CCA3929	novaseq_CCA3929	Y	AC_Phylo	28/01/2022
2021-08_Colin_novaseq_S4	novaseq_CCA0858	novaseq_CCA0858	Y	AC_Phylo	28/01/2022
2021-08_Colin_novaseq_S4	novaseq_CCA3862	novaseq_CCA3862	Y	AC_Phylo	28/01/2022
2021-08_Colin_novaseq_S4	novaseq_CCA1574	novaseq_CCA1574	Y	AC_Phylo	28/01/2022
2021-08_Colin_novaseq_S4	novaseq_CCA0733	novaseq_CCA0733	Y	AC_Phylo	28/01/2022
2021-08_Colin_novaseq_S4	novaseq_CCA3719	novaseq_CCA3719	Y	AC_Phylo	28/01/2022
2021-08_Colin_novaseq_S4	novaseq_CCA0800	novaseq_CCA0800	Y	AC_Phylo	28/01/2022
2021-08_Colin_novaseq_S4	novaseq_CCA1212	novaseq_CCA1212	Y	AC_Phylo	28/01/2022
2021-08_Colin_novaseq_S4	novaseq_CCA0807-rep2	novaseq_CCA0807-rep2	Y	AC_Phylo	28/01/2022
2021-08_Colin_novaseq_S4	novaseq_CCA3108	novaseq_CCA3108	Y	AC_Phylo	28/01/2022
2021-08_Colin_novaseq_S4	novaseq_CCA2978	novaseq_CCA2978	Y	AC_Phylo	28/01/2022
2021-08_Colin_novaseq_S4	novaseq_CCA0823	novaseq_CCA0823	Y	AC_Phylo	28/01/2022
2021-08_Colin_novaseq_S4	novaseq_CCA0672	novaseq_CCA0672	Y	AC_Phylo	28/01/2022
2021-08_Colin_novaseq_S4	novaseq_CCA1692	novaseq_CCA1692	Y	AC_Phylo	28/01/2022
2021-08_Colin_novaseq_S4	novaseq_CCA3910	novaseq_CCA3910	Y	AC_Phylo	28/01/2022
2021-08_Colin_novaseq_S4	novaseq_CCA0572-rep1	novaseq_CCA0572-rep1	Y	AC_Phylo	28/01/2022
2021-08_Colin_novaseq_S4	novaseq_CCA0572-rep2	novaseq_CCA0572-rep2	Y	AC_Phylo	28/01/2022
2021-08_Colin_novaseq_S4	novaseq_CCA0949	novaseq_CCA0949	Y	AC_Phylo	28/01/2022
2021-08_Colin_novaseq_S4	novaseq_CCA5487	novaseq_CCA5487	Y	AC_Phylo	28/01/2022
2021-08_Colin_novaseq_S4	novaseq_CCA3053	novaseq_CCA3053	Y	AC_Phylo	28/01/2022
2021-08_Colin_novaseq_S4	novaseq_CCA3409	novaseq_CCA3409	Y	AC_Phylo	28/01/2022
2021-08_Colin_novaseq_S4	novaseq_CCA3872	novaseq_CCA3872	Y	AC_Phylo	28/01/2022
2021-08_Colin_novaseq_S4	novaseq_CCA3329	novaseq_CCA3329	Y	AC_Phylo	28/01/2022
2021-08_Colin_novaseq_S4	novaseq_CCA1581	novaseq_CCA1581	Y	AC_Phylo	28/01/2022
2021-08_Colin_novaseq_S4	novaseq_CCA1033	novaseq_CCA1033	Y	AC_Phylo	28/01/2022
2021-08_Colin_novaseq_S4	novaseq_CCA4902	novaseq_CCA4902	Y	AC_Phylo	28/01/2022
2021-08_Colin_novaseq_S4	novaseq_CCA0713	novaseq_CCA0713	Y	AC_Phylo	28/01/2022
2021-08_Colin_novaseq_S4	novaseq_CCA3154	novaseq_CCA3154	Y	AC_Phylo	28/01/2022
2021-08_Colin_novaseq_S4	novaseq_CCA3254	novaseq_CCA3254	Y	AC_Phylo	28/01/2022
2021-08_Colin_novaseq_S4	novaseq_CCA1565	novaseq_CCA1565	Y	AC_Phylo	28/01/2022
2021-08_Colin_novaseq_S4	novaseq_CCA0749	novaseq_CCA0749	Y	AC_Phylo	28/01/2022
2021-08_Colin_novaseq_S4	novaseq_CCA3160	novaseq_CCA3160	Y	AC_Phylo	28/01/2022
2021-08_Colin_novaseq_S4	novaseq_CCA1435	novaseq_CCA1435	Y	AC_Phylo	28/01/2022
2021-08_Colin_novaseq_S4	novaseq_CCA3730-rep1	novaseq_CCA3730-rep1	Y	AC_Phylo	28/01/2022
2021-08_Colin_novaseq_S4	novaseq_CCA3730-rep2	novaseq_CCA3730-rep2	Y	AC_Phylo	28/01/2022
2021-08_Colin_novaseq_S4	novaseq_CCA3337	novaseq_CCA3337	Y	AC_Phylo	28/01/2022
2021-08_Colin_novaseq_S4	novaseq_CCA3315	novaseq_CCA3315	Y	AC_Phylo	28/01/2022
2021-08_Colin_novaseq_S4	novaseq_CCA3942	novaseq_CCA3942	Y	AC_Phylo	28/01/2022
2021-08_Colin_novaseq_S4	novaseq_CCA0728	novaseq_CCA0728	Y	AC_Phylo	28/01/2022
2021-08_Colin_novaseq_S4	novaseq_DDA149c	novaseq_DDA149c	Y	AC_Phylo	28/01/2022
2021-08_Colin_novaseq_S4	novaseq_DDA121	novaseq_DDA121	Y	AC_Phylo	28/01/2022
2021-08_Colin_novaseq_S4	novaseq_DDA117	novaseq_DDA117	Y	AC_Phylo	28/01/2022
2021-08_Colin_novaseq_S4	novaseq_DDA139	novaseq_DDA139	Y	AC_Phylo	28/01/2022
2021-08_Colin_novaseq_S4	novaseq_DDA123b	novaseq_DDA123b	Y	AC_Phylo	28/01/2022
2021-08_Colin_novaseq_S4	novaseq_DDA136b	novaseq_DDA136b	Y	AC_Phylo	28/01/2022
2021-08_Colin_novaseq_S4	novaseq_DDA122	novaseq_DDA122	Y	AC_Phylo	28/01/2022
2021-08_Colin_novaseq_S4	novaseq_DDA144c	novaseq_DDA144c	Y	AC_Phylo	28/01/2022
2021-08_Colin_novaseq_S4	novaseq_DDA124b	novaseq_DDA124b	Y	AC_Phylo	28/01/2022
2021-08_Colin_novaseq_S4	novaseq_DDA117f	novaseq_DDA117f	Y	AC_Phylo	28/01/2022
2021-08_Colin_novaseq_S4	novaseq_DDA123d	novaseq_DDA123d	Y	AC_Phylo	28/01/2022
2021-08_Colin_novaseq_S4	novaseq_DDA125	novaseq_DDA125	Y	AC_Phylo	28/01/2022
2021-08_Colin_novaseq_S4	novaseq_DDA150	novaseq_DDA150	Y	AC_Phylo	28/01/2022
2021-08_Colin_novaseq_S4	novaseq_DDA140	novaseq_DDA140	Y	AC_Phylo	28/01/2022
2021-08_Colin_novaseq_S4	novaseq_DDA114c	novaseq_DDA114c	Y	AC_Phylo	28/01/2022
2021-08_Colin_novaseq_S4	novaseq_DDA146a	novaseq_DDA146a	Y	AC_Phylo	28/01/2022
2021-08_Colin_novaseq_S4	novaseq_DDA120d	novaseq_DDA120d	Y	AC_Phylo	28/01/2022
2021-08_Colin_novaseq_S4	novaseq_DDA142	novaseq_DDA142	Y	AC_Phylo	28/01/2022
2021-08_Colin_novaseq_S4	novaseq_JJB3612d	novaseq_JJB3612d	Y	AC_Phylo	28/01/2022
2021-08_Colin_novaseq_S4	novaseq_DDA132c	novaseq_DDA132c	Y	AC_Phylo	28/01/2022
2021-08_Colin_novaseq_S4	novaseq_DDA43	novaseq_DDA43	Y	AC_Phylo	28/01/2022
2021-08_Colin_novaseq_S4	novaseq_DDA141c	novaseq_DDA141c	Y	AC_Phylo	28/01/2022
2021-08_Colin_novaseq_S4	novaseq_DDA126f	novaseq_DDA126f	Y	AC_Phylo	28/01/2022
2021-08_Colin_novaseq_S4	novaseq_DDA138f	novaseq_DDA138f	Y	AC_Phylo	28/01/2022
2021-08_Colin_novaseq_S4	novaseq_DDA136c	novaseq_DDA136c	Y	AC_Phylo	28/01/2022
2021-08_Colin_novaseq_S4	novaseq_DDA150a	novaseq_DDA150a	Y	AC_Phylo	28/01/2022
2021-08_Colin_novaseq_S4	novaseq_DDA48	novaseq_DDA48	Y	AC_Phylo	28/01/2022
2021-08_Colin_novaseq_S4	novaseq_DDA145b	novaseq_DDA145b	Y	AC_Phylo	28/01/2022
2021-08_Colin_novaseq_S4	novaseq_DDA125f	novaseq_DDA125f	Y	AC_Phylo	28/01/2022
2021-08_Colin_novaseq_S4	novaseq_DDA56	novaseq_DDA56	Y	AC_Phylo	28/01/2022
2021-08_Colin_novaseq_S4	novaseq_DDA143b	novaseq_DDA143b	Y	AC_Phylo	28/01/2022
2021-08_Colin_novaseq_S4	novaseq_DDA139a	novaseq_DDA139a	Y	AC_Phylo	28/01/2022
2021-08_Colin_novaseq_S4	novaseq_DDA76	novaseq_DDA76	Y	AC_Phylo	28/01/2022
2021-08_Colin_novaseq_S4	novaseq_JJB3609	novaseq_JJB3609	Y	AC_Phylo	28/01/2022
2021-08_Colin_novaseq_S4	novaseq_DDA145d	novaseq_DDA145d	Y	AC_Phylo	28/01/2022
2021-08_Colin_novaseq_S4	novaseq_DDA123j	novaseq_DDA123j	Y	AC_Phylo	28/01/2022
2021-08_Colin_novaseq_S4	novaseq_DDA125h	novaseq_DDA125h	Y	AC_Phylo	28/01/2022
2021-08_Colin_novaseq_S4	novaseq_DDA125e	novaseq_DDA125e	Y	AC_Phylo	28/01/2022
2021-08_Colin_novaseq_S4	novaseq_DDA124c	novaseq_DDA124c	Y	AC_Phylo	28/01/2022
2021-08_Colin_novaseq_S4	novaseq_DDA142a	novaseq_DDA142a	Y	AC_Phylo	28/01/2022
2021-08_Colin_novaseq_S4	novaseq_DDA131f	novaseq_DDA131f	Y	AC_Phylo	28/01/2022
2021-08_Colin_novaseq_S4	novaseq_DDA145	novaseq_DDA145	Y	AC_Phylo	28/01/2022
2021-08_Colin_novaseq_S4	novaseq_DDA143	novaseq_DDA143	Y	AC_Phylo	28/01/2022
2021-08_Colin_novaseq_S4	novaseq_DDA145a	novaseq_DDA145a	Y	AC_Phylo	28/01/2022
2021-08_Colin_novaseq_S4	novaseq_DDA130h	novaseq_DDA130h	Y	AC_Phylo	28/01/2022
2021-08_Colin_novaseq_S4	novaseq_DDA130c	novaseq_DDA130c	Y	AC_Phylo	28/01/2022
2021-08_Colin_novaseq_S4	novaseq_DDA97	novaseq_DDA97	Y	AC_Phylo	28/01/2022
2021-08_Colin_novaseq_S4	novaseq_JJB3612b	novaseq_JJB3612b	Y	AC_Phylo	28/01/2022
2021-08_Colin_novaseq_S4	novaseq_DDA144b	novaseq_DDA144b	Y	AC_Phylo	28/01/2022
2021-08_Colin_novaseq_S4	novaseq_DDA124e	novaseq_DDA124e	Y	AC_Phylo	28/01/2022
2021-08_Colin_novaseq_S4	novaseq_DDA133	novaseq_DDA133	Y	AC_Phylo	28/01/2022
2021-08_Colin_novaseq_S4	novaseq_DDA131d	novaseq_DDA131d	Y	AC_Phylo	28/01/2022
2021-08_Colin_novaseq_S4	novaseq_DDA149	novaseq_DDA149	Y	AC_Phylo	28/01/2022
2021-08_Colin_novaseq_S4	novaseq_DDA147x	novaseq_DDA147x	Y	AC_Phylo	28/01/2022
2021-08_Colin_novaseq_S4	novaseq_DDA143c	novaseq_DDA143c	Y	AC_Phylo	28/01/2022
2021-08_Colin_novaseq_S4	novaseq_DDA138b	novaseq_DDA138b	Y	AC_Phylo	28/01/2022
2021-08_Colin_novaseq_S4	novaseq_DDA149b	novaseq_DDA149b	Y	AC_Phylo	28/01/2022
2021-08_Colin_novaseq_S4	novaseq_DDA128	novaseq_DDA128	Y	AC_Phylo	28/01/2022
2021-08_Colin_novaseq_S4	novaseq_DDA138	novaseq_DDA138	Y	AC_Phylo	28/01/2022
2021-08_Colin_novaseq_S4	novaseq_DDA114e	novaseq_DDA114e	Y	AC_Phylo	28/01/2022
2021-08_Colin_novaseq_S4	novaseq_DDA149f	novaseq_DDA149f	Y	AC_Phylo	28/01/2022
2021-08_Colin_novaseq_S4	novaseq_DDA131k	novaseq_DDA131k	Y	AC_Phylo	28/01/2022
2021-08_Colin_novaseq_S4	novaseq_DDA138a	novaseq_DDA138a	Y	AC_Phylo	28/01/2022
2021-08_Colin_novaseq_S4	novaseq_DDA148	novaseq_DDA148	Y	AC_Phylo	28/01/2022
2021-08_Colin_novaseq_S4	novaseq_DDA120g	novaseq_DDA120g	Y	AC_Phylo	28/01/2022
2021-08_Colin_novaseq_S4	novaseq_DDA122c	novaseq_DDA122c	Y	AC_Phylo	28/01/2022
2021-08_Colin_novaseq_S4	novaseq_DDA132e	novaseq_DDA132e	Y	AC_Phylo	28/01/2022
2021-08_Colin_novaseq_S4	novaseq_JJB3608	novaseq_JJB3608	Y	AC_Phylo	28/01/2022
2021-08_Colin_novaseq_S4	novaseq_DDA147d	novaseq_DDA147d	Y	AC_Phylo	28/01/2022
2021-08_Colin_novaseq_S4	novaseq_DDA146c	novaseq_DDA146c	Y	AC_Phylo	28/01/2022
2021-08_Colin_novaseq_S4	novaseq_DDA126c	novaseq_DDA126c	Y	AC_Phylo	28/01/2022
2021-08_Colin_novaseq_S4	novaseq_DDA120f	novaseq_DDA120f	Y	AC_Phylo	28/01/2022
2021-08_Colin_novaseq_S4	novaseq_DDA126e	novaseq_DDA126e	Y	AC_Phylo	28/01/2022
2021-08_Colin_novaseq_S4	novaseq_DDA143a	novaseq_DDA143a	Y	AC_Phylo	28/01/2022
2021-08_Colin_novaseq_S4	novaseq_DDA141b	novaseq_DDA141b	Y	AC_Phylo	28/01/2022
2021-08_Colin_novaseq_S4	novaseq_DDA122a	novaseq_DDA122a	Y	AC_Phylo	28/01/2022
2021-08_Colin_novaseq_S4	novaseq_DDA125dx	novaseq_DDA125dx	Y	AC_Phylo	28/01/2022
2021-08_Colin_novaseq_S4	novaseq_DDA146e	novaseq_DDA146e	Y	AC_Phylo	28/01/2022
2021-08_Colin_novaseq_S4	novaseq_DDA147b	novaseq_DDA147b	Y	AC_Phylo	28/01/2022
2021-08_Colin_novaseq_S4	novaseq_DDA42d	novaseq_DDA42d	Y	AC_Phylo	28/01/2022
2021-08_Colin_novaseq_S4	novaseq_DDA141	novaseq_DDA141	Y	AC_Phylo	28/01/2022
2021-08_Colin_novaseq_S4	novaseq_DDA142b	novaseq_DDA142b	Y	AC_Phylo	28/01/2022
2021-08_Colin_novaseq_S4	novaseq_DDA146b	novaseq_DDA146b	Y	AC_Phylo	28/01/2022
2021-08_Colin_novaseq_S4	novaseq_DDA120h	novaseq_DDA120h	Y	AC_Phylo	28/01/2022
2021-08_Colin_novaseq_S4	novaseq_DDA126	novaseq_DDA126	Y	AC_Phylo	28/01/2022
2021-08_Colin_novaseq_S4	novaseq_DDA117a	novaseq_DDA117a	Y	AC_Phylo	28/01/2022
2021-08_Colin_novaseq_S4	novaseq_DDA130a	novaseq_DDA130a	Y	AC_Phylo	28/01/2022
2021-08_Colin_novaseq_S4	novaseq_DDA147a	novaseq_DDA147a	Y	AC_Phylo	28/01/2022
2021-08_Colin_novaseq_S4	novaseq_DDA143d	novaseq_DDA143d	Y	AC_Phylo	28/01/2022
2021-08_Colin_novaseq_S4	novaseq_DDA129c	novaseq_DDA129c	Y	AC_Phylo	28/01/2022
2021-08_Colin_novaseq_S4	novaseq_DDA137c	novaseq_DDA137c	Y	AC_Phylo	28/01/2022
2021-08_Colin_novaseq_S4	novaseq_DDA147c	novaseq_DDA147c	Y	AC_Phylo	28/01/2022
2021-08_Colin_novaseq_S4	novaseq_DDA122b	novaseq_DDA122b	Y	AC_Phylo	28/01/2022
2021-08_Colin_novaseq_S4	novaseq_DDA100d	novaseq_DDA100d	Y	AC_Phylo	28/01/2022
2021-08_Colin_novaseq_S4	novaseq_DDA73	novaseq_DDA73	Y	AC_Phylo	28/01/2022
2021-08_Colin_novaseq_S4	novaseq_DDA46	novaseq_DDA46	Y	AC_Phylo	28/01/2022
2021-08_Colin_novaseq_S4	novaseq_DDA137a	novaseq_DDA137a	Y	AC_Phylo	28/01/2022
2021-08_Colin_novaseq_S4	novaseq_DDA138c	novaseq_DDA138c	Y	AC_Phylo	28/01/2022
2021-08_Colin_novaseq_S4	novaseq_DDA128a	novaseq_DDA128a	Y	AC_Phylo	28/01/2022
2021-08_Colin_novaseq_S4	novaseq_DDA100g	novaseq_DDA100g	Y	AC_Phylo	28/01/2022
2021-08_Colin_novaseq_S4	novaseq_JJB3611	novaseq_JJB3611	Y	AC_Phylo	28/01/2022
2021-08_Colin_novaseq_S4	novaseq_DDA47	novaseq_DDA47	Y	AC_Phylo	28/01/2022
2021-08_Colin_novaseq_S4	novaseq_DDA149a	novaseq_DDA149a	Y	AC_Phylo	28/01/2022
2021-08_Colin_novaseq_S4	novaseq_DDA100a	novaseq_DDA100a	Y	AC_Phylo	28/01/2022
2021-08_Colin_novaseq_S4	novaseq_DDA122d	novaseq_DDA122d	Y	AC_Phylo	28/01/2022
2021-08_Colin_novaseq_S4	novaseq_JJB3612a	novaseq_JJB3612a	Y	AC_Phylo	28/01/2022
2021-08_Colin_novaseq_S4	novaseq_JJB3610	novaseq_JJB3610	Y	AC_Phylo	28/01/2022
2021-08_Colin_novaseq_S4	novaseq_DDA129g	novaseq_DDA129g	Y	AC_Phylo	28/01/2022
2021-08_Colin_novaseq_S4	novaseq_DDA141a	novaseq_DDA141a	Y	AC_Phylo	28/01/2022
2021-08_Colin_novaseq_S4	novaseq_DDA124	novaseq_DDA124	Y	AC_Phylo	28/01/2022
2021-08_Colin_novaseq_S4	novaseq_DDA136a	novaseq_DDA136a	Y	AC_Phylo	28/01/2022
2021-08_Colin_novaseq_S4	novaseq_JJB3614a	novaseq_JJB3614a	Y	AC_Phylo	28/01/2022
2021-08_Colin_novaseq_S4	novaseq_DDA137f	novaseq_DDA137f	Y	AC_Phylo	28/01/2022
2021-08_Colin_novaseq_S4	novaseq_DDA149e	novaseq_DDA149e	Y	AC_Phylo	28/01/2022
2021-08_Colin_novaseq_S4	novaseq_DDA129d	novaseq_DDA129d	Y	AC_Phylo	28/01/2022
2021-08_Colin_novaseq_S4	novaseq_DDA147	novaseq_DDA147	Y	AC_Phylo	28/01/2022
2021-08_Colin_novaseq_S4	novaseq_DDA67	novaseq_DDA67	Y	AC_Phylo	28/01/2022
2021-08_Colin_novaseq_S4	novaseq_DDA114d	novaseq_DDA114d	Y	AC_Phylo	28/01/2022
2021-08_Colin_novaseq_S4	novaseq_DDA129a	novaseq_DDA129a	Y	AC_Phylo	28/01/2022
2021-08_Colin_novaseq_S4	novaseq_DDA100f	novaseq_DDA100f	Y	AC_Phylo	28/01/2022
2021-08_Colin_novaseq_S4	novaseq_DDA137b	novaseq_DDA137b	Y	AC_Phylo	28/01/2022
2021-08_Colin_novaseq_S4	novaseq_DDA130d	novaseq_DDA130d	Y	AC_Phylo	28/01/2022
2021-08_Colin_novaseq_S4	novaseq_JJB3609a	novaseq_JJB3609a	Y	AC_Phylo	28/01/2022
2021-08_Colin_novaseq_S4	novaseq_JJB3614d	novaseq_JJB3614d	Y	AC_Phylo	28/01/2022
2021-08_Colin_novaseq_S4	novaseq_DDA135a	novaseq_DDA135a	Y	AC_Phylo	28/01/2022
2021-08_Colin_novaseq_S4	novaseq_DDA132	novaseq_DDA132	Y	AC_Phylo	28/01/2022
2021-08_Colin_novaseq_S4	novaseq_DDA125d	novaseq_DDA125d	Y	AC_Phylo	28/01/2022
2021-08_Colin_novaseq_S4	novaseq_DDA128b	novaseq_DDA128b	Y	AC_Phylo	28/01/2022
2021-08_Colin_novaseq_S4	novaseq_DDA131	novaseq_DDA131	Y	AC_Phylo	28/01/2022
2021-08_Colin_novaseq_S4	novaseq_DDA126a	novaseq_DDA126a	Y	AC_Phylo	28/01/2022
2021-08_Colin_novaseq_S4	novaseq_DDA123g	novaseq_DDA123g	Y	AC_Phylo	28/01/2022
2021-08_Colin_novaseq_S4	novaseq_DDA146d	novaseq_DDA146d	Y	AC_Phylo	28/01/2022
2021-08_Colin_novaseq_S4	novaseq_DDA150c	novaseq_DDA150c	Y	AC_Phylo	28/01/2022
2021-08_Colin_novaseq_S4	novaseq_DDA114	novaseq_DDA114	Y	AC_Phylo	28/01/2022
2021-08_Colin_novaseq_S4	novaseq_JJB3612	novaseq_JJB3612	Y	AC_Phylo	28/01/2022
2021-08_Colin_novaseq_S4	novaseq_DDA42b	novaseq_DDA42b	Y	AC_Phylo	28/01/2022
2021-08_Colin_novaseq_S4	novaseq_DDA114b	novaseq_DDA114b	Y	AC_Phylo	28/01/2022
2021-08_Colin_novaseq_S4	novaseq_DDA45	novaseq_DDA45	Y	AC_Phylo	28/01/2022
2021-08_Colin_novaseq_S4	novaseq_DDA123e	novaseq_DDA123e	Y	AC_Phylo	28/01/2022
2021-08_Colin_novaseq_S4	novaseq_DDA114a	novaseq_DDA114a	Y	AC_Phylo	28/01/2022
2021-08_Colin_novaseq_S4	novaseq_DDA124h	novaseq_DDA124h	Y	AC_Phylo	28/01/2022
2021-08_Colin_novaseq_S4	novaseq_DDA125b	novaseq_DDA125b	Y	AC_Phylo	28/01/2022
2021-08_Colin_novaseq_S4	novaseq_JJB3612c	novaseq_JJB3612c	Y	AC_Phylo	28/01/2022
2021-08_Colin_novaseq_S4	novaseq_DDA42	novaseq_DDA42	Y	AC_Phylo	28/01/2022
2021-08_Colin_novaseq_S4	novaseq_DDA100c	novaseq_DDA100c	Y	AC_Phylo	28/01/2022
2021-08_Colin_novaseq_S4	novaseq_DDA148a	novaseq_DDA148a	Y	AC_Phylo	28/01/2022
2021-08_Colin_novaseq_S4	novaseq_DDA136	novaseq_DDA136	Y	AC_Phylo	28/01/2022
2021-08_Colin_novaseq_S4	novaseq_DDA65	novaseq_DDA65	Y	AC_Phylo	28/01/2022
2021-08_Colin_novaseq_S4	novaseq_DDA130f	novaseq_DDA130f	Y	AC_Phylo	28/01/2022
2021-08_Colin_novaseq_S4	novaseq_DDA137e	novaseq_DDA137e	Y	AC_Phylo	28/01/2022
2021-08_Colin_novaseq_S4	novaseq_DDA123	novaseq_DDA123	Y	AC_Phylo	28/01/2022
2021-08_Colin_novaseq_S4	novaseq_DDA68	novaseq_DDA68	Y	AC_Phylo	28/01/2022
2021-08_Colin_novaseq_S4	novaseq_DDA42e	novaseq_DDA42e	Y	AC_Phylo	28/01/2022
2021-08_Colin_novaseq_S4	novaseq_DDA127	novaseq_DDA127	Y	AC_Phylo	28/01/2022
2021-08_Colin_novaseq_S4	novaseq_DDA150b	novaseq_DDA150b	Y	AC_Phylo	28/01/2022
2021-08_Colin_novaseq_S4	novaseq_DDA117j	novaseq_DDA117j	Y	AC_Phylo	28/01/2022
2021-08_Colin_novaseq_S4	novaseq_DDA132b	novaseq_DDA132b	Y	AC_Phylo	28/01/2022
2021-08_Colin_novaseq_S4	novaseq_DDA124d	novaseq_DDA124d	Y	AC_Phylo	28/01/2022
2021-08_Colin_novaseq_S4	novaseq_DDA146	novaseq_DDA146	Y	AC_Phylo	28/01/2022
2021-08_Colin_novaseq_S4	novaseq_JJB3614c	novaseq_JJB3614c	Y	AC_Phylo	28/01/2022
2021-08_Colin_novaseq_S4	novaseq_DDA129	novaseq_DDA129	Y	AC_Phylo	28/01/2022
2021-08_Colin_novaseq_S4	novaseq_DDA117g	novaseq_DDA117g	Y	AC_Phylo	28/01/2022
2021-08_Colin_novaseq_S4	novaseq_DDA135	novaseq_DDA135	Y	AC_Phylo	28/01/2022
2021-08_Colin_novaseq_S4	novaseq_DDA132d	novaseq_DDA132d	Y	AC_Phylo	28/01/2022
2021-08_Colin_novaseq_S4	novaseq_DDA100	novaseq_DDA100	Y	AC_Phylo	28/01/2022
2021-08_Colin_novaseq_S4	novaseq_DDA120b	novaseq_DDA120b	Y	AC_Phylo	28/01/2022
2021-08_Colin_novaseq_S4	novaseq_DDA122e	novaseq_DDA122e	Y	AC_Phylo	28/01/2022
2021-08_Colin_novaseq_S4	novaseq_DDA42c	novaseq_DDA42c	Y	AC_Phylo	28/01/2022
2021-08_Colin_novaseq_S4	novaseq_DDA126b	novaseq_DDA126b	Y	AC_Phylo	28/01/2022
2021-08_Colin_novaseq_S4	novaseq_DDA44	novaseq_DDA44	Y	AC_Phylo	28/01/2022
2021-08_Colin_novaseq_S4	novaseq_DDA138e	novaseq_DDA138e	Y	AC_Phylo	28/01/2022
2021-08_Colin_novaseq_S4	novaseq_JJB3614	novaseq_JJB3614	Y	AC_Phylo	28/01/2022
2021-08_Colin_novaseq_S4	novaseq_DDA117d	novaseq_DDA117d	Y	AC_Phylo	28/01/2022
2021-08_Colin_novaseq_S4	novaseq_DDA120	novaseq_DDA120	Y	AC_Phylo	28/01/2022
2021-08_Colin_novaseq_S4	novaseq_DDA98	novaseq_DDA98	Y	AC_Phylo	28/01/2022
2021-08_Colin_novaseq_S4	novaseq_DDA144a	novaseq_DDA144a	Y	AC_Phylo	28/01/2022
2021-08_Colin_novaseq_S4	novaseq_DDA131a	novaseq_DDA131a	Y	AC_Phylo	28/01/2022
2021-08_Colin_novaseq_S4	novaseq_DDA132f	novaseq_DDA132f	Y	AC_Phylo	28/01/2022
2021-08_Colin_novaseq_S4	novaseq_DDA144	novaseq_DDA144	Y	AC_Phylo	28/01/2022
2021-08_Colin_novaseq_S4	novaseq_DDA129f	novaseq_DDA129f	Y	AC_Phylo	28/01/2022
2021-08_Colin_novaseq_S4	novaseq_JJB3614b	novaseq_JJB3614b	Y	AC_Phylo	28/01/2022
2021-08_Colin_novaseq_S4	novaseq_DDA130	novaseq_DDA130	Y	AC_Phylo	28/01/2022
2021-08_Colin_novaseq_S4	novaseq_JJB3607	novaseq_JJB3607	Y	AC_Phylo	28/01/2022
2021-08_Colin_novaseq_S4	novaseq_DDA144d	novaseq_DDA144d	Y	AC_Phylo	28/01/2022
2021-08_Colin_novaseq_S4	novaseq_DDA131g	novaseq_DDA131g	Y	AC_Phylo	28/01/2022
2021-08_Colin_novaseq_S4	novaseq_DDA42a	novaseq_DDA42a	Y	AC_Phylo	28/01/2022
2021-08_Colin_novaseq_S4	novaseq_DDA137	novaseq_DDA137	Y	AC_Phylo	28/01/2022
